mapped_event_type,mitre_id,technique_name,tactic
Suspicious Process Execution,T1134.005,SID-History Injection,Stealth
Malware Detection,T1674,Input Injection,Execution
Phishing Email,T1190,Exploit Public-Facing Application,Initial Access
Suspicious Process Execution,T1070.010,Relocate Malware,Stealth
Configuration Change,T1037.003,Network Logon Script,Persistence
Data Exfiltration Attempt,T1030,Data Transfer Size Limits,Exfiltration
Suspicious Process Execution,T1216.001,PubPrn,Stealth
Brute Force,T1556.009,Conditional Access Policies,Credential Access
Port Scan,T1598.003,Spearphishing Link,Reconnaissance
Suspicious Process Execution,T1218.005,Mshta,Stealth
Data Exfiltration Attempt,T1011.001,Exfiltration Over Bluetooth,Exfiltration
Ransomware Detected,T1489,Service Stop,Impact
Configuration Change,T1546.013,PowerShell Profile,Persistence
Port Scan,T1087,Account Discovery,Discovery
DNS Tunneling Detected,T1001.003,Protocol or Service Impersonation,Command And Control
Lateral Movement Detected,T1021.008,Direct Cloud VM Connections,Lateral Movement
Port Scan,T1010,Application Window Discovery,Discovery
Configuration Change,T1053.005,Scheduled Task,Persistence
Configuration Change,T1112,Modify Registry,Persistence
Firewall Rule Change,T1556.006,Multi-Factor Authentication,Defense Impairment
DNS Tunneling Detected,T1205.002,Socket Filters,Command And Control
Configuration Change,T1205.001,Port Knocking,Persistence
Configuration Change,T1505.001,SQL Stored Procedures,Persistence
Malware Detection,T1574.009,Path Interception by Unquoted Path,Execution
DNS Tunneling Detected,T1132.001,Standard Encoding,Command And Control
Privilege Escalation,T1546.012,Image File Execution Options Injection,Privilege Escalation
File Access,T1213.002,Sharepoint,Collection
File Access,T1557.001,Name Resolution Poisoning and SMB Relay,Collection
Privilege Escalation,T1053.006,Systemd Timers,Privilege Escalation
DNS Tunneling Detected,T1132.002,Non-Standard Encoding,Command And Control
External / Not Directly Observed,T1683.001,Written Content,Resource Development
Data Exfiltration Attempt,T1041,Exfiltration Over C2 Channel,Exfiltration
Data Exfiltration Attempt,T1052,Exfiltration Over Physical Medium,Exfiltration
Suspicious Process Execution,T1202,Indirect Command Execution,Stealth
Suspicious Process Execution,T1036.008,Masquerade File Type,Stealth
Port Scan,T1518.002,Backup Software Discovery,Discovery
Malware Detection,T1569.002,Service Execution,Execution
DNS Tunneling Detected,T1568.001,Fast Flux DNS,Command And Control
Port Scan,T1614.001,System Language Discovery,Discovery
External / Not Directly Observed,T1608,Stage Capabilities,Resource Development
Privilege Escalation,T1547.006,Kernel Modules and Extensions,Privilege Escalation
Privilege Escalation,T1543.005,Container Service,Privilege Escalation
Suspicious Process Execution,T1055.013,Process Doppelgänging,Stealth
DNS Tunneling Detected,T1219.001,IDE Tunneling,Command And Control
Configuration Change,T1556.008,Network Provider DLL,Persistence
Privilege Escalation,T1098.004,SSH Authorized Keys,Privilege Escalation
Malware Detection,T1559,Inter-Process Communication,Execution
Port Scan,T1591.001,Determine Physical Locations,Reconnaissance
Configuration Change,T1556.007,Hybrid Identity,Persistence
Brute Force,T1557.002,ARP Cache Poisoning,Credential Access
Suspicious Process Execution,T1220,XSL Script Processing,Stealth
External / Not Directly Observed,T1583.006,Web Services,Resource Development
External / Not Directly Observed,T1583.004,Server,Resource Development
Brute Force,T1056,Input Capture,Credential Access
Port Scan,T1592,Gather Victim Host Information,Reconnaissance
Data Exfiltration Attempt,T1048.003,Exfiltration Over Unencrypted Non-C2 Protocol,Exfiltration
Configuration Change,T1136.003,Cloud Account,Persistence
Malware Detection,T1610,Deploy Container,Execution
Malware Detection,T1059,Command and Scripting Interpreter,Execution
Brute Force,T1555,Credentials from Password Stores,Credential Access
Malware Detection,T1574,Hijack Execution Flow,Execution
Brute Force,T1003,OS Credential Dumping,Credential Access
External / Not Directly Observed,T1586,Compromise Accounts,Resource Development
File Access,T1602.001,SNMP (MIB Dump),Collection
Configuration Change,T1137,Office Application Startup,Persistence
Firewall Rule Change,T1647,Plist File Modification,Defense Impairment
Port Scan,T1590.002,DNS,Reconnaissance
Privilege Escalation,T1098.005,Device Registration,Privilege Escalation
Port Scan,T1087.004,Cloud Account,Discovery
Ransomware Detected,T1499.004,Application or System Exploitation,Impact
Suspicious Process Execution,T1055.003,Thread Execution Hijacking,Stealth
Malware Detection,T1574.014,AppDomainManager,Execution
Port Scan,T1018,Remote System Discovery,Discovery
Configuration Change,T1137.006,Add-ins,Persistence
Configuration Change,T1543.005,Container Service,Persistence
Brute Force,T1557,Adversary-in-the-Middle,Credential Access
Firewall Rule Change,T1685.004,Disable or Modify Linux Audit System Log,Defense Impairment
Brute Force,T1539,Steal Web Session Cookie,Credential Access
Malware Detection,T1059.010,AutoHotKey & AutoIT,Execution
Firewall Rule Change,T1556,Modify Authentication Process,Defense Impairment
Privilege Escalation,T1546.005,Trap,Privilege Escalation
Configuration Change,T1543.001,Launch Agent,Persistence
Privilege Escalation,T1055.004,Asynchronous Procedure Call,Privilege Escalation
Port Scan,T1595.002,Vulnerability Scanning,Reconnaissance
Suspicious Process Execution,T1218.015,Electron Applications,Stealth
Privilege Escalation,T1484.001,Group Policy Modification,Privilege Escalation
Phishing Email,T1200,Hardware Additions,Initial Access
Suspicious Process Execution,T1574.008,Path Interception by Search Order Hijacking,Stealth
Configuration Change,T1546.003,Windows Management Instrumentation Event Subscription,Persistence
Malware Detection,T1574.006,Dynamic Linker Hijacking,Execution
Configuration Change,T1653,Power Settings,Persistence
Malware Detection,T1053,Scheduled Task/Job,Execution
Malware Detection,T1053.002,At,Execution
Privilege Escalation,T1037.001,Logon Script (Windows),Privilege Escalation
External / Not Directly Observed,T1587.004,Exploits,Resource Development
Port Scan,T1593.001,Social Media,Reconnaissance
Configuration Change,T1137.001,Office Template Macros,Persistence
Suspicious Process Execution,T1678,Delay Execution,Stealth
Configuration Change,T1133,External Remote Services,Persistence
DNS Tunneling Detected,T1104,Multi-Stage Channels,Command And Control
Suspicious Process Execution,T1497,Virtualization/Sandbox Evasion,Stealth
External / Not Directly Observed,T1608.005,Link Target,Resource Development
Ransomware Detected,T1485.001,Lifecycle-Triggered Deletion,Impact
DNS Tunneling Detected,T1132,Data Encoding,Command And Control
Port Scan,T1007,System Service Discovery,Discovery
Suspicious Process Execution,T1036.010,Masquerade Account Name,Stealth
Suspicious Process Execution,T1620,Reflective Code Loading,Stealth
DNS Tunneling Detected,T1568.003,DNS Calculation,Command And Control
Configuration Change,T1547.010,Port Monitors,Persistence
External / Not Directly Observed,T1588.005,Exploits,Resource Development
Privilege Escalation,T1055.005,Thread Local Storage,Privilege Escalation
Malware Detection,T1569,System Services,Execution
Suspicious Process Execution,T1055.002,Portable Executable Injection,Stealth
Configuration Change,T1547.012,Print Processors,Persistence
Suspicious Process Execution,T1078.003,Local Accounts,Stealth
Privilege Escalation,T1543.004,Launch Daemon,Privilege Escalation
External / Not Directly Observed,T1585,Establish Accounts,Resource Development
Configuration Change,T1176,Software Extensions,Persistence
Phishing Email,T1078.003,Local Accounts,Initial Access
DNS Tunneling Detected,T1071.003,Mail Protocols,Command And Control
Firewall Rule Change,T1690,Prevent Command History Logging,Defense Impairment
Suspicious Process Execution,T1127,Trusted Developer Utilities Proxy Execution,Stealth
Port Scan,T1497.001,System Checks,Discovery
External / Not Directly Observed,T1608.004,Drive-by Target,Resource Development
Privilege Escalation,T1543.001,Launch Agent,Privilege Escalation
Port Scan,T1589.002,Email Addresses,Reconnaissance
External / Not Directly Observed,T1584.001,Domains,Resource Development
Suspicious Process Execution,T1622,Debugger Evasion,Stealth
Privilege Escalation,T1078.001,Default Accounts,Privilege Escalation
Configuration Change,T1053.002,At,Persistence
File Access,T1557.004,Evil Twin,Collection
File Access,T1557.002,ARP Cache Poisoning,Collection
Port Scan,T1201,Password Policy Discovery,Discovery
Phishing Email,T1189,Drive-by Compromise,Initial Access
Configuration Change,T1547.004,Winlogon Helper DLL,Persistence
External / Not Directly Observed,T1683.002,Audio-Visual Content,Resource Development
Brute Force,T1528,Steal Application Access Token,Credential Access
DNS Tunneling Detected,T1568.002,Domain Generation Algorithms,Command And Control
Suspicious Process Execution,T1216.002,SyncAppvPublishingServer,Stealth
DNS Tunneling Detected,T1573.001,Symmetric Cryptography,Command And Control
Ransomware Detected,T1498.002,Reflection Amplification,Impact
Configuration Change,T1546.011,Application Shimming,Persistence
Privilege Escalation,T1546.010,AppInit DLLs,Privilege Escalation
Firewall Rule Change,T1685.002,Disable or Modify Cloud Log,Defense Impairment
Malware Detection,T1204.002,Malicious File,Execution
External / Not Directly Observed,T1583.005,Botnet,Resource Development
File Access,T1056.002,GUI Input Capture,Collection
DNS Tunneling Detected,T1090.002,External Proxy,Command And Control
Port Scan,T1597,Search Closed Sources,Reconnaissance
Privilege Escalation,T1547.001,Registry Run Keys / Startup Folder,Privilege Escalation
Suspicious Process Execution,T1480.002,Mutual Exclusion,Stealth
Brute Force,T1056.001,Keylogging,Credential Access
Suspicious Process Execution,T1564,Hide Artifacts,Stealth
Suspicious Process Execution,T1542.004,ROMMONkit,Stealth
Suspicious Process Execution,T1564.011,Ignore Process Interrupts,Stealth
Configuration Change,T1546.006,LC_LOAD_DYLIB Addition,Persistence
File Access,T1213.004,Customer Relationship Management Software,Collection
DNS Tunneling Detected,T1659,Content Injection,Command And Control
File Access,T1074.002,Remote Data Staging,Collection
Port Scan,T1046,Network Service Discovery,Discovery
Ransomware Detected,T1561,Disk Wipe,Impact
Lateral Movement Detected,T1072,Software Deployment Tools,Lateral Movement
Privilege Escalation,T1134.005,SID-History Injection,Privilege Escalation
Brute Force,T1552.007,Container API,Credential Access
Suspicious Process Execution,T1027.004,Compile After Delivery,Stealth
Malware Detection,T1559.002,Dynamic Data Exchange,Execution
File Access,T1557,Adversary-in-the-Middle,Collection
Port Scan,T1682,Query Public AI Services,Reconnaissance
Phishing Email,T1566.004,Spearphishing Voice,Initial Access
Malware Detection,T1197,BITS Jobs,Execution
Port Scan,T1012,Query Registry,Discovery
Suspicious Process Execution,T1070.005,Network Share Connection Removal,Stealth
DNS Tunneling Detected,T1573,Encrypted Channel,Command And Control
Suspicious Process Execution,T1055.012,Process Hollowing,Stealth
Privilege Escalation,T1548.006,TCC Manipulation,Privilege Escalation
Privilege Escalation,T1055,Process Injection,Privilege Escalation
Lateral Movement Detected,T1021.002,SMB/Windows Admin Shares,Lateral Movement
Suspicious Process Execution,T1055.008,Ptrace System Calls,Stealth
Malware Detection,T1574.012,COR_PROFILER,Execution
Data Exfiltration Attempt,T1029,Scheduled Transfer,Exfiltration
Configuration Change,T1556.004,Network Device Authentication,Persistence
Suspicious Process Execution,T1036,Masquerading,Stealth
Ransomware Detected,T1565,Data Manipulation,Impact
External / Not Directly Observed,T1586.001,Social Media Accounts,Resource Development
Configuration Change,T1053,Scheduled Task/Job,Persistence
Configuration Change,T1542.001,System Firmware,Persistence
Suspicious Process Execution,T1055,Process Injection,Stealth
Suspicious Process Execution,T1574.009,Path Interception by Unquoted Path,Stealth
Suspicious Process Execution,T1036.005,Match Legitimate Resource Name or Location,Stealth
Malware Detection,T1059.001,PowerShell,Execution
Ransomware Detected,T1499.002,Service Exhaustion Flood,Impact
Suspicious Process Execution,T1218.012,Verclsid,Stealth
File Access,T1056.004,Credential API Hooking,Collection
Suspicious Process Execution,T1574,Hijack Execution Flow,Stealth
Firewall Rule Change,T1222,File and Directory Permissions Modification,Defense Impairment
Data Exfiltration Attempt,T1048.002,Exfiltration Over Asymmetric Encrypted Non-C2 Protocol,Exfiltration
Brute Force,T1110,Brute Force,Credential Access
Phishing Email,T1133,External Remote Services,Initial Access
Malware Detection,T1127,Trusted Developer Utilities Proxy Execution,Execution
Ransomware Detected,T1499.001,OS Exhaustion Flood,Impact
Port Scan,T1016.001,Internet Connection Discovery,Discovery
Malware Detection,T1569.001,Launchctl,Execution
File Access,T1039,Data from Network Shared Drive,Collection
Port Scan,T1580,Cloud Infrastructure Discovery,Discovery
Configuration Change,T1543,Create or Modify System Process,Persistence
External / Not Directly Observed,T1584.005,Botnet,Resource Development
Malware Detection,T1106,Native API,Execution
Firewall Rule Change,T1484,Domain or Tenant Policy Modification,Defense Impairment
Configuration Change,T1546.017,Udev Rules,Persistence
Suspicious Process Execution,T1218.008,Odbcconf,Stealth
Privilege Escalation,T1055.009,Proc Memory,Privilege Escalation
Malware Detection,T1204.004,Malicious Copy and Paste,Execution
Suspicious Process Execution,T1036.009,Break Process Trees,Stealth
Lateral Movement Detected,T1550.002,Pass the Hash,Lateral Movement
Privilege Escalation,T1548.002,Bypass User Account Control,Privilege Escalation
Configuration Change,T1556.002,Password Filter DLL,Persistence
Data Exfiltration Attempt,T1567.002,Exfiltration to Cloud Storage,Exfiltration
Port Scan,T1594,Search Victim-Owned Websites,Reconnaissance
Port Scan,T1016,System Network Configuration Discovery,Discovery
Configuration Change,T1053.006,Systemd Timers,Persistence
DNS Tunneling Detected,T1571,Non-Standard Port,Command And Control
Brute Force,T1606,Forge Web Credentials,Credential Access
Lateral Movement Detected,T1210,Exploitation of Remote Services,Lateral Movement
Configuration Change,T1098.003,Additional Cloud Roles,Persistence
Ransomware Detected,T1496.002,Bandwidth Hijacking,Impact
Phishing Email,T1078.001,Default Accounts,Initial Access
Port Scan,T1652,Device Driver Discovery,Discovery
Ransomware Detected,T1499.003,Application Exhaustion Flood,Impact
Port Scan,T1596.002,WHOIS,Reconnaissance
Brute Force,T1556.006,Multi-Factor Authentication,Credential Access
Configuration Change,T1542.005,TFTP Boot,Persistence
Firewall Rule Change,T1553.004,Install Root Certificate,Defense Impairment
Configuration Change,T1668,Exclusive Control,Persistence
DNS Tunneling Detected,T1090.003,Multi-hop Proxy,Command And Control
Suspicious Process Execution,T1055.011,Extra Window Memory Injection,Stealth
Port Scan,T1595.001,Scanning IP Blocks,Reconnaissance
Privilege Escalation,T1037,Boot or Logon Initialization Scripts,Privilege Escalation
Ransomware Detected,T1529,System Shutdown/Reboot,Impact
Configuration Change,T1136.002,Domain Account,Persistence
Firewall Rule Change,T1686.003,Windows Host Firewall,Defense Impairment
Privilege Escalation,T1546.011,Application Shimming,Privilege Escalation
Configuration Change,T1078.003,Local Accounts,Persistence
Configuration Change,T1505.004,IIS Components,Persistence
Ransomware Detected,T1491,Defacement,Impact
Configuration Change,T1098.004,SSH Authorized Keys,Persistence
DNS Tunneling Detected,T1102.001,Dead Drop Resolver,Command And Control
Firewall Rule Change,T1685.005,Clear Windows Event Logs,Defense Impairment
Ransomware Detected,T1496,Resource Hijacking,Impact
Privilege Escalation,T1548,Abuse Elevation Control Mechanism,Privilege Escalation
Configuration Change,T1098,Account Manipulation,Persistence
Phishing Email,T1195,Supply Chain Compromise,Initial Access
External / Not Directly Observed,T1583.003,Virtual Private Server,Resource Development
Ransomware Detected,T1498,Network Denial of Service,Impact
Port Scan,T1595.003,Wordlist Scanning,Reconnaissance
Privilege Escalation,T1547.014,Active Setup,Privilege Escalation
Suspicious Process Execution,T1542,Pre-OS Boot,Stealth
Configuration Change,T1053.007,Container Orchestration Job,Persistence
Privilege Escalation,T1547.008,LSASS Driver,Privilege Escalation
Suspicious Process Execution,T1218.009,Regsvcs/Regasm,Stealth
Suspicious Process Execution,T1078.004,Cloud Accounts,Stealth
Brute Force,T1003.004,LSA Secrets,Credential Access
Suspicious Process Execution,T1218.013,Mavinject,Stealth
Firewall Rule Change,T1578.003,Delete Cloud Instance,Defense Impairment
Suspicious Process Execution,T1070.009,Clear Persistence,Stealth
DNS Tunneling Detected,T1205.001,Port Knocking,Command And Control
Brute Force,T1556.004,Network Device Authentication,Credential Access
Configuration Change,T1098.006,Additional Container Cluster Roles,Persistence
External / Not Directly Observed,T1585.003,Cloud Accounts,Resource Development
Brute Force,T1556.008,Network Provider DLL,Credential Access
Firewall Rule Change,T1553.003,SIP and Trust Provider Hijacking,Defense Impairment
File Access,T1530,Data from Cloud Storage,Collection
Port Scan,T1598.002,Spearphishing Attachment,Reconnaissance
Firewall Rule Change,T1666,Modify Cloud Resource Hierarchy,Defense Impairment
Malware Detection,T1204.003,Malicious Image,Execution
Configuration Change,T1543.003,Windows Service,Persistence
Configuration Change,T1505.003,Web Shell,Persistence
Brute Force,T1557.003,DHCP Spoofing,Credential Access
Firewall Rule Change,T1556.005,Reversible Encryption,Defense Impairment
File Access,T1056.003,Web Portal Capture,Collection
Port Scan,T1593.002,Search Engines,Reconnaissance
Lateral Movement Detected,T1021,Remote Services,Lateral Movement
DNS Tunneling Detected,T1219.002,Remote Desktop Software,Command And Control
Privilege Escalation,T1546.015,Component Object Model Hijacking,Privilege Escalation
Malware Detection,T1574.011,Services Registry Permissions Weakness,Execution
Configuration Change,T1078.002,Domain Accounts,Persistence
Brute Force,T1558.003,Kerberoasting,Credential Access
Port Scan,T1135,Network Share Discovery,Discovery
Port Scan,T1057,Process Discovery,Discovery
Configuration Change,T1546.015,Component Object Model Hijacking,Persistence
Suspicious Process Execution,T1574.012,COR_PROFILER,Stealth
Brute Force,T1556.005,Reversible Encryption,Credential Access
Suspicious Process Execution,T1684.001,Impersonation,Stealth
External / Not Directly Observed,T1650,Acquire Access,Resource Development
Suspicious Process Execution,T1564.012,File/Path Exclusions,Stealth
DNS Tunneling Detected,T1001,Data Obfuscation,Command And Control
Privilege Escalation,T1037.003,Network Logon Script,Privilege Escalation
Brute Force,T1212,Exploitation for Credential Access,Credential Access
Suspicious Process Execution,T1127.003,JamPlus,Stealth
DNS Tunneling Detected,T1090.004,Domain Fronting,Command And Control
Malware Detection,T1574.005,Executable Installer File Permissions Weakness,Execution
External / Not Directly Observed,T1585.001,Social Media Accounts,Resource Development
Suspicious Process Execution,T1542.005,TFTP Boot,Stealth
File Access,T1213.003,Code Repositories,Collection
Data Exfiltration Attempt,T1052.001,Exfiltration over USB,Exfiltration
Lateral Movement Detected,T1534,Internal Spearphishing,Lateral Movement
Suspicious Process Execution,T1574.014,AppDomainManager,Stealth
DNS Tunneling Detected,T1071.005,Publish/Subscribe Protocols,Command And Control
Suspicious Process Execution,T1197,BITS Jobs,Stealth
Suspicious Process Execution,T1205.001,Port Knocking,Stealth
Privilege Escalation,T1068,Exploitation for Privilege Escalation,Privilege Escalation
Malware Detection,T1053.007,Container Orchestration Job,Execution
Lateral Movement Detected,T1563.001,SSH Hijacking,Lateral Movement
Suspicious Process Execution,T1218.010,Regsvr32,Stealth
Phishing Email,T1566.001,Spearphishing Attachment,Initial Access
Suspicious Process Execution,T1070.004,File Deletion,Stealth
File Access,T1123,Audio Capture,Collection
Port Scan,T1589,Gather Victim Identity Information,Reconnaissance
Suspicious Process Execution,T1564.010,Process Argument Spoofing,Stealth
DNS Tunneling Detected,T1573.002,Asymmetric Cryptography,Command And Control
DNS Tunneling Detected,T1102.002,Bidirectional Communication,Command And Control
Malware Detection,T1059.007,JavaScript,Execution
Malware Detection,T1129,Shared Modules,Execution
External / Not Directly Observed,T1608.001,Upload Malware,Resource Development
Port Scan,T1597.001,Threat Intel Vendors,Reconnaissance
File Access,T1114,Email Collection,Collection
Firewall Rule Change,T1578.004,Revert Cloud Instance,Defense Impairment
Ransomware Detected,T1561.002,Disk Structure Wipe,Impact
External / Not Directly Observed,T1588.004,Digital Certificates,Resource Development
Port Scan,T1069.002,Domain Groups,Discovery
Configuration Change,T1556.003,Pluggable Authentication Modules,Persistence
Privilege Escalation,T1547.010,Port Monitors,Privilege Escalation
Port Scan,T1598.004,Spearphishing Voice,Reconnaissance
Configuration Change,T1037.005,Startup Items,Persistence
Configuration Change,T1547.009,Shortcut Modification,Persistence
Privilege Escalation,T1037.002,Login Hook,Privilege Escalation
Firewall Rule Change,T1556.008,Network Provider DLL,Defense Impairment
Privilege Escalation,T1546.001,Change Default File Association,Privilege Escalation
Privilege Escalation,T1546.004,Unix Shell Configuration Modification,Privilege Escalation
Firewall Rule Change,T1553.002,Code Signing,Defense Impairment
Port Scan,T1613,Container and Resource Discovery,Discovery
Privilege Escalation,T1078,Valid Accounts,Privilege Escalation
Suspicious Process Execution,T1055.015,ListPlanting,Stealth
DNS Tunneling Detected,T1219.003,Remote Access Hardware,Command And Control
Brute Force,T1552.002,Credentials in Registry,Credential Access
Configuration Change,T1546.002,Screensaver,Persistence
Privilege Escalation,T1098.006,Additional Container Cluster Roles,Privilege Escalation
Brute Force,T1110.003,Password Spraying,Credential Access
Brute Force,T1552.003,Shell History,Credential Access
Ransomware Detected,T1496.001,Compute Hijacking,Impact
Brute Force,T1003.006,DCSync,Credential Access
Suspicious Process Execution,T1542.001,System Firmware,Stealth
Brute Force,T1003.003,NTDS,Credential Access
Data Exfiltration Attempt,T1567,Exfiltration Over Web Service,Exfiltration
Privilege Escalation,T1037.005,Startup Items,Privilege Escalation
Suspicious Process Execution,T1205.002,Socket Filters,Stealth
Suspicious Process Execution,T1218.007,Msiexec,Stealth
Configuration Change,T1671,Cloud Application Integration,Persistence
Privilege Escalation,T1037.004,RC Scripts,Privilege Escalation
Brute Force,T1003.008,/etc/passwd and /etc/shadow,Credential Access
File Access,T1113,Screen Capture,Collection
Lateral Movement Detected,T1550.001,Application Access Token,Lateral Movement
DNS Tunneling Detected,T1001.002,Steganography,Command And Control
DNS Tunneling Detected,T1001.001,Junk Data,Command And Control
Data Exfiltration Attempt,T1048,Exfiltration Over Alternative Protocol,Exfiltration
Firewall Rule Change,T1553.006,Code Signing Policy Modification,Defense Impairment
Suspicious Process Execution,T1055.004,Asynchronous Procedure Call,Stealth
Configuration Change,T1556.006,Multi-Factor Authentication,Persistence
Port Scan,T1681,Search Threat Vendor Data,Reconnaissance
Privilege Escalation,T1055.013,Process Doppelgänging,Privilege Escalation
Firewall Rule Change,T1578,Modify Cloud Compute Infrastructure,Defense Impairment
Port Scan,T1589.003,Employee Names,Reconnaissance
Privilege Escalation,T1543,Create or Modify System Process,Privilege Escalation
Firewall Rule Change,T1556.009,Conditional Access Policies,Defense Impairment
Privilege Escalation,T1546.009,AppCert DLLs,Privilege Escalation
External / Not Directly Observed,T1585.002,Email Accounts,Resource Development
Privilege Escalation,T1546.016,Installer Packages,Privilege Escalation
Port Scan,T1680,Local Storage Discovery,Discovery
Lateral Movement Detected,T1563.002,RDP Hijacking,Lateral Movement
Data Exfiltration Attempt,T1537,Transfer Data to Cloud Account,Exfiltration
Privilege Escalation,T1053.002,At,Privilege Escalation
File Access,T1114.003,Email Forwarding Rule,Collection
File Access,T1056,Input Capture,Collection
Privilege Escalation,T1134.004,Parent PID Spoofing,Privilege Escalation
Port Scan,T1673,Virtual Machine Discovery,Discovery
Configuration Change,T1078,Valid Accounts,Persistence
Configuration Change,T1137.003,Outlook Forms,Persistence
Phishing Email,T1659,Content Injection,Initial Access
Port Scan,T1069.001,Local Groups,Discovery
Configuration Change,T1543.004,Launch Daemon,Persistence
Configuration Change,T1078.001,Default Accounts,Persistence
Privilege Escalation,T1134.001,Token Impersonation/Theft,Privilege Escalation
Data Exfiltration Attempt,T1020,Automated Exfiltration,Exfiltration
Configuration Change,T1554,Compromise Host Software Binary,Persistence
File Access,T1074.001,Local Data Staging,Collection
Port Scan,T1614,System Location Discovery,Discovery
File Access,T1213.001,Confluence,Collection
Ransomware Detected,T1498.001,Direct Network Flood,Impact
Port Scan,T1069,Permission Groups Discovery,Discovery
Privilege Escalation,T1546.002,Screensaver,Privilege Escalation
Suspicious Process Execution,T1036.004,Masquerade Task or Service,Stealth
Suspicious Process Execution,T1574.006,Dynamic Linker Hijacking,Stealth
Configuration Change,T1547.014,Active Setup,Persistence
Data Exfiltration Attempt,T1567.004,Exfiltration Over Webhook,Exfiltration
Suspicious Process Execution,T1027.010,Command Obfuscation,Stealth
Configuration Change,T1547.003,Time Providers,Persistence
Firewall Rule Change,T1686.002,Network Device Firewall,Defense Impairment
Port Scan,T1482,Domain Trust Discovery,Discovery
Brute Force,T1003.007,Proc Filesystem,Credential Access
Configuration Change,T1505,Server Software Component,Persistence
Configuration Change,T1037.001,Logon Script (Windows),Persistence
Privilege Escalation,T1055.003,Thread Execution Hijacking,Privilege Escalation
Malware Detection,T1127.003,JamPlus,Execution
Firewall Rule Change,T1599,Network Boundary Bridging,Defense Impairment
External / Not Directly Observed,T1587.003,Digital Certificates,Resource Development
Suspicious Process Execution,T1480.001,Environmental Keying,Stealth
Firewall Rule Change,T1112,Modify Registry,Defense Impairment
DNS Tunneling Detected,T1568,Dynamic Resolution,Command And Control
Port Scan,T1591.004,Identify Roles,Reconnaissance
Privilege Escalation,T1053,Scheduled Task/Job,Privilege Escalation
Malware Detection,T1059.012,Hypervisor CLI,Execution
DNS Tunneling Detected,T1205,Traffic Signaling,Command And Control
Privilege Escalation,T1055.011,Extra Window Memory Injection,Privilege Escalation
Firewall Rule Change,T1600.002,Disable Crypto Hardware,Defense Impairment
Malware Detection,T1059.006,Python,Execution
Port Scan,T1593,Search Open Websites/Domains,Reconnaissance
Privilege Escalation,T1053.007,Container Orchestration Job,Privilege Escalation
Port Scan,T1217,Browser Information Discovery,Discovery
Brute Force,T1003.002,Security Account Manager,Credential Access
Suspicious Process Execution,T1027.014,Polymorphic Code,Stealth
Brute Force,T1552.006,Group Policy Preferences,Credential Access
Brute Force,T1555.005,Password Managers,Credential Access
External / Not Directly Observed,T1608.002,Upload Tool,Resource Development
Malware Detection,T1204.001,Malicious Link,Execution
Port Scan,T1497,Virtualization/Sandbox Evasion,Discovery
File Access,T1005,Data from Local System,Collection
Suspicious Process Execution,T1574.013,KernelCallbackTable,Stealth
Configuration Change,T1136.001,Local Account,Persistence
Suspicious Process Execution,T1055.001,Dynamic-link Library Injection,Stealth
Phishing Email,T1669,Wi-Fi Networks,Initial Access
Configuration Change,T1556,Modify Authentication Process,Persistence
Brute Force,T1555.006,Cloud Secrets Management Stores,Credential Access
Malware Detection,T1059.013,Container CLI/API,Execution
External / Not Directly Observed,T1583.001,Domains,Resource Development
Brute Force,T1552.005,Cloud Instance Metadata API,Credential Access
Port Scan,T1087.001,Local Account,Discovery
Port Scan,T1590.003,Network Trust Dependencies,Reconnaissance
Suspicious Process Execution,T1127.002,ClickOnce,Stealth
Configuration Change,T1546.001,Change Default File Association,Persistence
Configuration Change,T1546.016,Installer Packages,Persistence
Malware Detection,T1059.009,Cloud API,Execution
Malware Detection,T1651,Cloud Administration Command,Execution
Privilege Escalation,T1546.007,Netsh Helper DLL,Privilege Escalation
Brute Force,T1558.002,Silver Ticket,Credential Access
Privilege Escalation,T1548.001,Setuid and Setgid,Privilege Escalation
External / Not Directly Observed,T1683,Generate Content,Resource Development
Suspicious Process Execution,T1134.003,Make and Impersonate Token,Stealth
Port Scan,T1589.001,Credentials,Reconnaissance
Ransomware Detected,T1565.001,Stored Data Manipulation,Impact
Malware Detection,T1059.003,Windows Command Shell,Execution
Port Scan,T1596,Search Open Technical Databases,Reconnaissance
Malware Detection,T1574.007,Path Interception by PATH Environment Variable,Execution
Configuration Change,T1037.004,RC Scripts,Persistence
Malware Detection,T1574.010,Services File Permissions Weakness,Execution
Ransomware Detected,T1496.004,Cloud Service Hijacking,Impact
DNS Tunneling Detected,T1071,Application Layer Protocol,Command And Control
Ransomware Detected,T1495,Firmware Corruption,Impact
Ransomware Detected,T1565.003,Runtime Data Manipulation,Impact
Suspicious Process Execution,T1218.003,CMSTP,Stealth
Malware Detection,T1053.003,Cron,Execution
Firewall Rule Change,T1685.001,Disable or Modify Windows Event Log,Defense Impairment
Suspicious Process Execution,T1684.002,Email Spoofing,Stealth
Suspicious Process Execution,T1027.002,Software Packing,Stealth
Brute Force,T1187,Forced Authentication,Credential Access
DNS Tunneling Detected,T1102,Web Service,Command And Control
External / Not Directly Observed,T1588,Obtain Capabilities,Resource Development
Suspicious Process Execution,T1216,System Script Proxy Execution,Stealth
Brute Force,T1056.004,Credential API Hooking,Credential Access
Configuration Change,T1098.007,Additional Local or Domain Groups,Persistence
Privilege Escalation,T1546.008,Accessibility Features,Privilege Escalation
Suspicious Process Execution,T1535,Unused/Unsupported Cloud Regions,Stealth
Suspicious Process Execution,T1070.008,Clear Mailbox Data,Stealth
Firewall Rule Change,T1556.001,Domain Controller Authentication,Defense Impairment
Firewall Rule Change,T1578.001,Create Snapshot,Defense Impairment
Malware Detection,T1574.004,Dylib Hijacking,Execution
Configuration Change,T1546.010,AppInit DLLs,Persistence
DNS Tunneling Detected,T1092,Communication Through Removable Media,Command And Control
Suspicious Process Execution,T1564.004,NTFS File Attributes,Stealth
Brute Force,T1606.001,Web Cookies,Credential Access
Brute Force,T1555.004,Windows Credential Manager,Credential Access
External / Not Directly Observed,T1584.004,Server,Resource Development
Suspicious Process Execution,T1036.011,Overwrite Process Arguments,Stealth
Firewall Rule Change,T1599.001,Network Address Translation Traversal,Defense Impairment
Privilege Escalation,T1543.002,Systemd Service,Privilege Escalation
DNS Tunneling Detected,T1071.004,DNS,Command And Control
Ransomware Detected,T1485,Data Destruction,Impact
Configuration Change,T1136,Create Account,Persistence
Suspicious Process Execution,T1684,Social Engineering,Stealth
External / Not Directly Observed,T1588.002,Tool,Resource Development
Malware Detection,T1677,Poisoned Pipeline Execution,Execution
Ransomware Detected,T1496.003,SMS Pumping,Impact
Suspicious Process Execution,T1218.001,Compiled HTML File,Stealth
Brute Force,T1558,Steal or Forge Kerberos Tickets,Credential Access
Configuration Change,T1505.006,vSphere Installation Bundles,Persistence
Ransomware Detected,T1565.002,Transmitted Data Manipulation,Impact
Privilege Escalation,T1098.007,Additional Local or Domain Groups,Privilege Escalation
Brute Force,T1557.004,Evil Twin,Credential Access
Lateral Movement Detected,T1021.003,Distributed Component Object Model,Lateral Movement
Configuration Change,T1546.009,AppCert DLLs,Persistence
Malware Detection,T1053.006,Systemd Timers,Execution
Malware Detection,T1675,ESXi Administration Command,Execution
File Access,T1125,Video Capture,Collection
Firewall Rule Change,T1556.004,Network Device Authentication,Defense Impairment
External / Not Directly Observed,T1588.003,Code Signing Certificates,Resource Development
External / Not Directly Observed,T1584.008,Network Devices,Resource Development
Lateral Movement Detected,T1091,Replication Through Removable Media,Lateral Movement
Privilege Escalation,T1055.001,Dynamic-link Library Injection,Privilege Escalation
File Access,T1602,Data from Configuration Repository,Collection
Firewall Rule Change,T1556.007,Hybrid Identity,Defense Impairment
Port Scan,T1526,Cloud Service Discovery,Discovery
Suspicious Process Execution,T1211,Exploitation for Stealth,Stealth
Privilege Escalation,T1546.003,Windows Management Instrumentation Event Subscription,Privilege Escalation
Suspicious Process Execution,T1574.001,DLL,Stealth
Suspicious Process Execution,T1564.001,Hidden Files and Directories,Stealth
Firewall Rule Change,T1207,Rogue Domain Controller,Defense Impairment
Malware Detection,T1203,Exploitation for Client Execution,Execution
Configuration Change,T1556.009,Conditional Access Policies,Persistence
File Access,T1119,Automated Collection,Collection
Brute Force,T1556,Modify Authentication Process,Credential Access
Data Exfiltration Attempt,T1011,Exfiltration Over Other Network Medium,Exfiltration
Port Scan,T1654,Log Enumeration,Discovery
Privilege Escalation,T1484.002,Trust Modification,Privilege Escalation
Suspicious Process Execution,T1564.002,Hidden Users,Stealth
Firewall Rule Change,T1601.001,Patch System Image,Defense Impairment
Brute Force,T1552.004,Private Keys,Credential Access
Privilege Escalation,T1053.005,Scheduled Task,Privilege Escalation
Firewall Rule Change,T1578.002,Create Cloud Instance,Defense Impairment
Malware Detection,T1569.003,Systemctl,Execution
Port Scan,T1597.002,Purchase Technical Data,Reconnaissance
Privilege Escalation,T1548.005,Temporary Elevated Cloud Access,Privilege Escalation
Port Scan,T1590.004,Network Topology,Reconnaissance
Privilege Escalation,T1546.017,Udev Rules,Privilege Escalation
Privilege Escalation,T1543.003,Windows Service,Privilege Escalation
Configuration Change,T1547.015,Login Items,Persistence
Suspicious Process Execution,T1574.007,Path Interception by PATH Environment Variable,Stealth
DNS Tunneling Detected,T1008,Fallback Channels,Command And Control
Suspicious Process Execution,T1134.001,Token Impersonation/Theft,Stealth
Firewall Rule Change,T1222.002,Linux and Mac Permissions,Defense Impairment
Port Scan,T1593.003,Code Repositories,Reconnaissance
Firewall Rule Change,T1556.003,Pluggable Authentication Modules,Defense Impairment
File Access,T1115,Clipboard Data,Collection
Configuration Change,T1547.008,LSASS Driver,Persistence
DNS Tunneling Detected,T1071.002,File Transfer Protocols,Command And Control
Suspicious Process Execution,T1564.008,Email Hiding Rules,Stealth
Suspicious Process Execution,T1027.006,HTML Smuggling,Stealth
Configuration Change,T1547.013,XDG Autostart Entries,Persistence
Privilege Escalation,T1546.018,Python Startup Hooks,Privilege Escalation
Configuration Change,T1543.002,Systemd Service,Persistence
Malware Detection,T1127.002,ClickOnce,Execution
Suspicious Process Execution,T1134,Access Token Manipulation,Stealth
Port Scan,T1082,System Information Discovery,Discovery
File Access,T1213.005,Messaging Applications,Collection
Suspicious Process Execution,T1027.008,Stripped Payloads,Stealth
Configuration Change,T1098.001,Additional Cloud Credentials,Persistence
Suspicious Process Execution,T1497.001,System Checks,Stealth
Ransomware Detected,T1531,Account Access Removal,Impact
Port Scan,T1087.002,Domain Account,Discovery
File Access,T1560.003,Archive via Custom Method,Collection
Suspicious Process Execution,T1564.003,Hidden Window,Stealth
Phishing Email,T1078,Valid Accounts,Initial Access
Configuration Change,T1505.005,Terminal Services DLL,Persistence
Suspicious Process Execution,T1564.005,Hidden File System,Stealth
Suspicious Process Execution,T1027.015,Compression,Stealth
Port Scan,T1590.006,Network Security Appliances,Reconnaissance
Firewall Rule Change,T1685,Disable or Modify Tools,Defense Impairment
Suspicious Process Execution,T1027.017,SVG Smuggling,Stealth
Suspicious Process Execution,T1036.007,Double File Extension,Stealth
Configuration Change,T1547,Boot or Logon Autostart Execution,Persistence
Suspicious Process Execution,T1564.007,VBA Stomping,Stealth
Suspicious Process Execution,T1027.007,Dynamic API Resolution,Stealth
Suspicious Process Execution,T1564.006,Run Virtual Instance,Stealth
Firewall Rule Change,T1553.001,Gatekeeper Bypass,Defense Impairment
Privilege Escalation,T1547.013,XDG Autostart Entries,Privilege Escalation
Brute Force,T1649,Steal or Forge Authentication Certificates,Credential Access
Privilege Escalation,T1546.013,PowerShell Profile,Privilege Escalation
Privilege Escalation,T1547.012,Print Processors,Privilege Escalation
Port Scan,T1596.004,CDNs,Reconnaissance
Brute Force,T1552,Unsecured Credentials,Credential Access
Port Scan,T1083,File and Directory Discovery,Discovery
Privilege Escalation,T1547,Boot or Logon Autostart Execution,Privilege Escalation
Brute Force,T1110.002,Password Cracking,Credential Access
Configuration Change,T1037.002,Login Hook,Persistence
Configuration Change,T1037,Boot or Logon Initialization Scripts,Persistence
Privilege Escalation,T1546,Event Triggered Execution,Privilege Escalation
Brute Force,T1552.008,Chat Messages,Credential Access
DNS Tunneling Detected,T1090.001,Internal Proxy,Command And Control
Brute Force,T1621,Multi-Factor Authentication Request Generation,Credential Access
Lateral Movement Detected,T1021.007,Cloud Services,Lateral Movement
Suspicious Process Execution,T1480,Execution Guardrails,Stealth
Firewall Rule Change,T1689,Downgrade Attack,Defense Impairment
Suspicious Process Execution,T1027.009,Embedded Payloads,Stealth
Port Scan,T1598.001,Spearphishing Service,Reconnaissance
File Access,T1074,Data Staged,Collection
External / Not Directly Observed,T1588.001,Malware,Resource Development
File Access,T1560.002,Archive via Library,Collection
Configuration Change,T1137.002,Office Test,Persistence
Port Scan,T1622,Debugger Evasion,Discovery
Malware Detection,T1574.001,DLL,Execution
External / Not Directly Observed,T1588.006,Vulnerabilities,Resource Development
Privilege Escalation,T1134,Access Token Manipulation,Privilege Escalation
Privilege Escalation,T1548.003,Sudo and Sudo Caching,Privilege Escalation
External / Not Directly Observed,T1583.008,Malvertising,Resource Development
Malware Detection,T1053.005,Scheduled Task,Execution
Privilege Escalation,T1547.005,Security Support Provider,Privilege Escalation
Malware Detection,T1559.003,XPC Services,Execution
Lateral Movement Detected,T1550.004,Web Session Cookie,Lateral Movement
Brute Force,T1606.002,SAML Tokens,Credential Access
External / Not Directly Observed,T1584.006,Web Services,Resource Development
Suspicious Process Execution,T1070.003,Clear Command History,Stealth
Privilege Escalation,T1055.008,Ptrace System Calls,Privilege Escalation
Configuration Change,T1546.004,Unix Shell Configuration Modification,Persistence
Brute Force,T1558.005,Ccache Files,Credential Access
Brute Force,T1558.004,AS-REP Roasting,Credential Access
Port Scan,T1590.001,Domain Properties,Reconnaissance
Suspicious Process Execution,T1218.004,InstallUtil,Stealth
External / Not Directly Observed,T1583.002,DNS Server,Resource Development
Ransomware Detected,T1491.002,External Defacement,Impact
Configuration Change,T1205.002,Socket Filters,Persistence
Data Exfiltration Attempt,T1020.001,Traffic Duplication,Exfiltration
Firewall Rule Change,T1600,Weaken Encryption,Defense Impairment
Brute Force,T1555.003,Credentials from Web Browsers,Credential Access
Suspicious Process Execution,T1027.016,Junk Code Insertion,Stealth
Privilege Escalation,T1547.003,Time Providers,Privilege Escalation
Brute Force,T1558.001,Golden Ticket,Credential Access
Suspicious Process Execution,T1542.003,Bootkit,Stealth
Firewall Rule Change,T1685.003,Modify or Spoof Tool UI,Defense Impairment
Privilege Escalation,T1547.004,Winlogon Helper DLL,Privilege Escalation
Malware Detection,T1072,Software Deployment Tools,Execution
Malware Detection,T1204.005,Malicious Library,Execution
Lateral Movement Detected,T1021.004,SSH,Lateral Movement
Brute Force,T1555.002,Securityd Memory,Credential Access
Firewall Rule Change,T1578.005,Modify Cloud Compute Configurations,Defense Impairment
Firewall Rule Change,T1686.001,Cloud Firewall,Defense Impairment
Configuration Change,T1098.002,Additional Email Delegate Permissions,Persistence
Port Scan,T1538,Cloud Service Dashboard,Discovery
Lateral Movement Detected,T1563,Remote Service Session Hijacking,Lateral Movement
Suspicious Process Execution,T1134.002,Create Process with Token,Stealth
Brute Force,T1556.002,Password Filter DLL,Credential Access
Port Scan,T1590.005,IP Addresses,Reconnaissance
Lateral Movement Detected,T1021.006,Windows Remote Management,Lateral Movement
External / Not Directly Observed,T1584.002,DNS Server,Resource Development
Suspicious Process Execution,T1036.006,Space after Filename,Stealth
Suspicious Process Execution,T1134.004,Parent PID Spoofing,Stealth
Port Scan,T1049,System Network Connections Discovery,Discovery
Port Scan,T1591.002,Business Relationships,Reconnaissance
Suspicious Process Execution,T1140,Deobfuscate/Decode Files or Information,Stealth
Port Scan,T1596.001,DNS/Passive DNS,Reconnaissance
Suspicious Process Execution,T1205,Traffic Signaling,Stealth
Privilege Escalation,T1548.004,Elevated Execution with Prompt,Privilege Escalation
Suspicious Process Execution,T1027.005,Indicator Removal from Tools,Stealth
Port Scan,T1598,Phishing for Information,Reconnaissance
Phishing Email,T1195.003,Compromise Hardware Supply Chain,Initial Access
Suspicious Process Execution,T1564.009,Resource Forking,Stealth
Configuration Change,T1547.006,Kernel Modules and Extensions,Persistence
Malware Detection,T1059.002,AppleScript,Execution
External / Not Directly Observed,T1608.003,Install Digital Certificate,Resource Development
Configuration Change,T1098.005,Device Registration,Persistence
Configuration Change,T1546.012,Image File Execution Options Injection,Persistence
Brute Force,T1552.001,Credentials In Files,Credential Access
Port Scan,T1120,Peripheral Device Discovery,Discovery
Suspicious Process Execution,T1036.012,Browser Fingerprint,Stealth
Privilege Escalation,T1547.002,Authentication Package,Privilege Escalation
Ransomware Detected,T1667,Email Bombing,Impact
Suspicious Process Execution,T1574.005,Executable Installer File Permissions Weakness,Stealth
Port Scan,T1124,System Time Discovery,Discovery
Suspicious Process Execution,T1497.002,User Activity Based Checks,Stealth
Malware Detection,T1648,Serverless Execution,Execution
Port Scan,T1592.004,Client Configurations,Reconnaissance
Lateral Movement Detected,T1550,Use Alternate Authentication Material,Lateral Movement
Suspicious Process Execution,T1078.001,Default Accounts,Stealth
Ransomware Detected,T1499,Endpoint Denial of Service,Impact
Malware Detection,T1047,Windows Management Instrumentation,Execution
Privilege Escalation,T1611,Escape to Host,Privilege Escalation
Port Scan,T1590,Gather Victim Network Information,Reconnaissance
Malware Detection,T1127.001,MSBuild,Execution
Phishing Email,T1078.002,Domain Accounts,Initial Access
Phishing Email,T1195.001,Compromise Software Dependencies and Development Tools,Initial Access
Port Scan,T1069.003,Cloud Groups,Discovery
Suspicious Process Execution,T1497.003,Time Based Checks,Stealth
External / Not Directly Observed,T1588.007,Artificial Intelligence,Resource Development
Configuration Change,T1542,Pre-OS Boot,Persistence
Ransomware Detected,T1491.001,Internal Defacement,Impact
Configuration Change,T1547.002,Authentication Package,Persistence
Port Scan,T1591,Gather Victim Org Information,Reconnaissance
Suspicious Process Execution,T1574.010,Services File Permissions Weakness,Stealth
Suspicious Process Execution,T1218.002,Control Panel,Stealth
Suspicious Process Execution,T1127.001,MSBuild,Stealth
Privilege Escalation,T1547.015,Login Items,Privilege Escalation
Suspicious Process Execution,T1027.018,Invisible Unicode,Stealth
Port Scan,T1592.001,Hardware,Reconnaissance
Suspicious Process Execution,T1027.011,Fileless Storage,Stealth
Privilege Escalation,T1055.015,ListPlanting,Privilege Escalation
Suspicious Process Execution,T1542.002,Component Firmware,Stealth
Privilege Escalation,T1484,Domain or Tenant Policy Modification,Privilege Escalation
DNS Tunneling Detected,T1665,Hide Infrastructure,Command And Control
Port Scan,T1518,Software Discovery,Discovery
External / Not Directly Observed,T1586.002,Email Accounts,Resource Development
Firewall Rule Change,T1484.001,Group Policy Modification,Defense Impairment
Configuration Change,T1556.005,Reversible Encryption,Persistence
File Access,T1560.001,Archive via Utility,Collection
Privilege Escalation,T1053.003,Cron,Privilege Escalation
Firewall Rule Change,T1556.002,Password Filter DLL,Defense Impairment
Port Scan,T1595,Active Scanning,Reconnaissance
Suspicious Process Execution,T1036.001,Invalid Code Signature,Stealth
Suspicious Process Execution,T1027.012,LNK Icon Smuggling,Stealth
Suspicious Process Execution,T1221,Template Injection,Stealth
Brute Force,T1040,Network Sniffing,Credential Access
Privilege Escalation,T1098,Account Manipulation,Privilege Escalation
Port Scan,T1497.002,User Activity Based Checks,Discovery
Privilege Escalation,T1134.003,Make and Impersonate Token,Privilege Escalation
External / Not Directly Observed,T1584.007,Serverless,Resource Development
Configuration Change,T1197,BITS Jobs,Persistence
Privilege Escalation,T1055.012,Process Hollowing,Privilege Escalation
Suspicious Process Execution,T1564.014,Extended Attributes,Stealth
Firewall Rule Change,T1688,Safe Mode Boot,Defense Impairment
Phishing Email,T1566.003,Spearphishing via Service,Initial Access
Lateral Movement Detected,T1021.001,Remote Desktop Protocol,Lateral Movement
Suspicious Process Execution,T1027.013,Encrypted/Encoded File,Stealth
Port Scan,T1040,Network Sniffing,Discovery
File Access,T1056.001,Keylogging,Collection
Port Scan,T1591.003,Identify Business Tempo,Reconnaissance
Suspicious Process Execution,T1078,Valid Accounts,Stealth
Privilege Escalation,T1547.007,Re-opened Applications,Privilege Escalation
Privilege Escalation,T1055.002,Portable Executable Injection,Privilege Escalation
Suspicious Process Execution,T1014,Rootkit,Stealth
External / Not Directly Observed,T1584,Compromise Infrastructure,Resource Development
Brute Force,T1056.002,GUI Input Capture,Credential Access
Suspicious Process Execution,T1027.001,Binary Padding,Stealth
Privilege Escalation,T1134.002,Create Process with Token,Privilege Escalation
Lateral Movement Detected,T1080,Taint Shared Content,Lateral Movement
Configuration Change,T1546.018,Python Startup Hooks,Persistence
DNS Tunneling Detected,T1071.001,Web Protocols,Command And Control
File Access,T1557.003,DHCP Spoofing,Collection
Firewall Rule Change,T1685.006,Clear Linux or Mac System Logs,Defense Impairment
Brute Force,T1556.007,Hybrid Identity,Credential Access
File Access,T1213.006,Databases,Collection
Suspicious Process Execution,T1055.009,Proc Memory,Stealth
Port Scan,T1087.003,Email Account,Discovery
Configuration Change,T1546.005,Trap,Persistence
Phishing Email,T1078.004,Cloud Accounts,Initial Access
Malware Detection,T1204,User Execution,Execution
